,Air In1,Air In2,Water In1,Water In2
0,6.516900715320973e-06,0.0019617580408316034,7.467079639795186e-05,0.998839551951597
1,1.1567558281580094e-05,0.0008728348367167545,1.4740849540753186e-05,1.8470769104775117e-07
2,3.4538712628423455e-05,0.0008001884967311374,3.466597659597255e-06,1.626811314020812e-07
3,0.00018105348351190196,0.004144779106106005,9.314865315052782e-07,1.8417543406496328e-07
4,0.0031271112348657615,0.05583227276882885,2.789214100897308e-07,2.725274312082694e-07
5,0.009946293894255444,0.939254540430408,9.15385688324293e-08,0.0011497103014465714
6,0.004208857648894271,1.4611230189533443e-05,3.2388421267632484e-08,4.11997739993791e-10
7,0.0034324279990463665,0.00021419657697581686,1.2724345169113466e-08,5.65114273791262e-10
8,0.6960810601526133,0.00014222522927521974,5.24553230842108e-09,9.292862363770932e-10
9,0.285676626224127,0.00011365662583474519,2.274370875551015e-09,1.899642601484305e-09
10,0.014677333994460202,0.00011031346311459622,1.0398332854362499e-09,1.0658018027351886e-05
11,0.0007742384041427164,0.00015284005352388954,4.995586239338262e-10,5.5648946092679e-12
12,8.424809995840066e-05,0.00016771445759693272,2.5146221436216084e-10,9.617617821963023e-12
13,1.4516338367554573e-05,0.00022875345513756904,1.323015670419343e-10,1.9536251877815913e-11
14,3.3906816652523873e-06,9.13464486779988e-05,7.260476189111537e-11,4.8517159638440427e-11
15,7.755785398279504e-07,0.0001476945285039613,4.148629398369869e-11,3.260090131959679e-07
16,1.826802634627733e-07,1.6542867771586903e-05,2.4644618909117235e-11,2.2918657539401353e-13
17,4.5961822317790735e-08,5.489321796849809e-05,1.520006293052441e-11,4.635723477139062e-13
18,1.2556746118146448e-08,0.00028046649952696146,9.722498749276444e-12,1.0918063832671245e-12
19,3.6967288307799754e-09,0.00013399625048049753,6.442992107052245e-12,3.1178345249638517e-12
20,1.1454389585802006e-09,0.00010247253559900885,4.422114985126325e-12,2.3909790603147233e-08
21,3.726776039654756e-10,0.00013142100078147235,3.1421641084214858e-12,2.1833711196933667e-14
22,1.276602354400107e-10,0.0001352092971123881,2.3064697604409114e-12,4.9802525410105207e-14
23,4.6192392392868174e-11,0.00017973354557119159,1.7486823047990887e-12,1.3153414947095173e-13
24,1.7469805034180847e-11,0.00023475488276631276,1.3686204018153314e-12,4.19067908426226e-13
25,6.938068007137709e-12,0.00015542307761142864,1.1052532439449487e-12,3.5694478802696675e-09
26,2.883405509232826e-12,0.0001786781827207765,9.206094365534723e-13,2.8258206216817668e-15
27,1.2473376640300859e-12,0.00015674766009269388,7.907745045002893e-13,7.108374694169726e-15
28,5.587444885679093e-13,4.7223050358724615e-05,7.004128290634382e-13,2.05834649130242e-14
29,2.597566188224456e-13,0.00018189629215813904,6.39410219950296e-13,7.127400883128777e-14
30,1.2537144811031198e-13,0.0001702031554041208,6.015137041010085e-13,6.52788506563978e-10
31,6.234008473440243e-14,0.0001872052581106873,5.830569162555847e-13,5.885859521576756e-16
32,3.1926801563648896e-14,0.00026851617014051604,5.823180059118043e-13,1.7470895820169839e-15
33,1.6853850049468423e-14,0.0002103018742772228,5.992296243368779e-13,6.1573961385464245e-15
34,9.163882191658658e-15,0.0003020910736660118,6.353790117663721e-13,5.725173725553487e-11
35,5.115408048722477e-15,0.00027208971686076025,6.942553201285648e-13,2.2727033653206356e-16
36,3.0334769860609764e-15,0.00042013102434041854,7.818220926688819e-13,8.095331235950685e-16
37,1.853898802689972e-15,1.7032747786606445e-06,9.075808099467696e-13,7.495258639078485e-12
38,1.1321285523061232e-15,0.00042273856398106224,1.086452997876757e-12,2.0378897357318449e-16
39,7.021183504875068e-16,0.0003831960054112724,1.341595452533603e-12,1.8975804339392083e-12
40,4.452275879191722e-16,0.00014085931055330433,1.7099496989831311e-12,5.2366393534411664e-17
41,2.9002954604462675e-16,0.0006981112381018127,2.249679090117509e-12,4.961190840954802e-13
42,1.9406345697963807e-16,0.0005226369100891314,3.056713491836666e-12,1.614021685516931e-17
43,1.348692554958639e-16,0.00032663601115660683,4.292260775235032e-12,1.374749314337822e-13
44,9.425689969247626e-17,0.00025185823696336206,6.233586521524023e-12,7.392838353086245e-14
45,6.752002013185838e-17,0.00023470257552436185,9.370524309749893e-12,4.031422728631288e-14
46,4.963571303345062e-17,0.00018067290591275548,1.4593811776071088e-11,2.2288234062721628e-14
47,3.7378212924936016e-17,0.0003519929342824491,2.3602158641754908e-11,1.2490466414729923e-14
48,2.8741237500979616e-17,0.0004471748229463328,3.964793933556727e-11,7.093935688446188e-15
49,2.2564277969910424e-17,0.00036567074090946915,6.927799085935311e-11,4.082493668543851e-15
50,1.8142835046796827e-17,0.0002815687464828069,1.2612500999222092e-10,2.3802440021124826e-15
51,1.4927537320110593e-17,0.0003361557122275972,2.396954235917845e-10,1.4057458919555426e-15
52,1.2546554869335484e-17,0.00012444444729719874,4.766007757094951e-10,8.408465328040965e-16
53,1.0784786907199491e-17,0.0007084693598496669,9.939043111894924e-10,5.093188014029211e-16
54,9.465136062130156e-18,0.0004650182809608162,2.1807077232600348e-09,3.123685815910223e-16
55,8.562319532495501e-18,0.00034817186281493206,5.052316459412271e-09,1.9395198019477823e-16
56,7.870545473403054e-18,0.009718801419295348,1.241462308165409e-08,1.2190393098465152e-16
57,7.38609630744342e-18,0.004406731884843276,3.252958914553732e-08,7.755108633630296e-17
58,6.8590163178771896e-18,0.0026136224852225287,9.1513591678909e-08,4.992951616466862e-17
59,7.061805237386417e-18,0.1302997874491354,2.788576860198837e-07,3.252978337599886e-17
60,7.21186504571153e-18,0.04294352841956165,9.313223854010685e-07,2.1449044816882453e-17
61,7.408586371905599e-18,0.004195196244062079,3.4661924856176786e-06,1.4321527831243674e-17
62,7.772487197095784e-18,0.0020223813766610164,1.4740103320166646e-05,9.683102510113295e-18
63,8.303220232952618e-18,0.006273933873596645,7.467206209119241e-05,6.628941257217546e-18
64,9.054321974536072e-18,0.0668180451259916,1.0000000000096612,4.594523332277205e-18
65,1.008536896917409e-17,0.12547362485966868,2.366476977857089e-21,3.223796611593143e-18
66,1.165732374701516e-17,0.0027880044178826037,3.1953606165731706e-25,4.899385921153403e-22
67,1.3664607121187048e-17,0.0010023692110846514,9.933948139314664e-26,2.1441218386327262e-22
68,1.612294446703739e-17,0.00187867690291855,3.701885633399725e-26,1.3400660818278726e-22
69,1.963841205812171e-17,0.0011858517137553674,1.5892897416472668e-26,9.424697819946212e-23
70,2.484535933026284e-17,0.002536563454332513,7.676971036927271e-27,6.907121836689074e-23
71,3.189289074875133e-17,0.003098916327879027,4.108641423206236e-27,5.1657790609052706e-23
72,4.202606092866785e-17,0.0036533783349786022,2.4105162557860553e-27,3.872288866990552e-23
73,5.698418060022543e-17,0.00512272194376832,1.5385298945696586e-27,2.975986453907942e-23
74,7.967236136142002e-17,0.007362200774148015,1.0621435554081158e-27,2.3152756410881177e-23
75,1.1442829640956352e-16,0.009067400885473793,7.897731242233566e-28,1.8228187356264183e-23
76,1.706869795606645e-16,0.01489772410165769,6.30528866944975e-28,1.452123382470044e-23
77,2.620153195017827e-16,0.01854237923623671,5.392825964597617e-28,1.1221248791577017e-23
78,4.1345382632352395e-16,0.022720721647809267,4.933890795750519e-28,9.151141427996847e-24
79,6.742112132196448e-16,0.033422371471075574,4.824385554840172e-28,7.55181456334519e-24
80,1.1569376248987145e-15,0.0478667727378727,5.040222661695432e-28,6.30471754840254e-24
81,1.9753547424598466e-15,0.007325895325906468,5.628056959505664e-28,5.324919854203692e-24
82,3.703175075730042e-15,3.5323742109983614e-06,6.723272990922288e-28,4.550039152255528e-24
83,7.119369191625679e-15,0.0004953442975164759,8.606182609135507e-28,3.26264834888691e-24
84,1.4209868604679533e-14,0.0006099264767183849,1.183236723095739e-27,2.854689480825383e-24
85,2.949945849981947e-14,0.0005954289337636253,1.7529735815354462e-27,2.5255853007539622e-24
86,6.411467337217238e-14,0.0006518932191408514,2.8109085020221425e-27,2.2616984085538738e-24
87,1.4486358018797456e-13,0.0009257242466748392,4.907721682818415e-27,2.049025057160004e-24
88,3.4221659840499533e-13,0.0007384457954103435,9.404573016221703e-27,1.8779815132009198e-24
89,8.413758016603676e-13,0.00015234856672978665,1.9999703272442076e-26,1.7412793027003658e-24
90,2.1670295796247443e-12,0.0004219430676978928,4.795677643482453e-26,1.6333414272865358e-24
91,5.834450830519616e-12,0.0004954215468401624,1.3286722937372966e-25,1.5499650236352625e-24
92,1.6412510514163364e-11,0.0006234189753199992,4.431323148798576e-25,1.488017943871676e-24
93,4.858551920366664e-11,0.0008501640937106572,3.944744375207552e-21,1.4452260751334541e-24
94,1.5068713941710795e-10,8.462741443181267e-07,8.615579279519071e-35,1.420080754694432e-24
95,4.959066377468259e-10,0.00010341764608953139,1.257821575479734e-34,1.4117188418406434e-24
96,1.7367354111633739e-09,0.0003802277328130175,1.9337582669310256e-34,1.4198678430656618e-24
97,6.5156475649998264e-09,0.00043491439064727815,3.1377232982216765e-34,1.4448588808095209e-24
98,2.6452919907887572e-08,0.00027993744882373486,5.388432831362048e-34,1.4876097620803085e-24
99,1.1874719589283794e-07,0.0002085163450392047,9.826756073704954e-34,1.549721282237529e-24
100,5.907154494303514e-07,0.0001951413668642014,1.9109104989130482e-33,1.6335437172797185e-24
101,3.31366694274903e-06,0.00012903116347640873,3.982778920017305e-33,1.742350092675111e-24
102,2.129154081440126e-05,0.00013150262513584644,8.956199401363942e-33,1.8805683279907206e-24
103,0.00017295041605641255,0.00044458275616033363,2.1917140543095774e-32,2.0540220415508986e-24
104,0.004240395300776637,0.0006949784909840442,5.905310427698326e-32,2.270413216151688e-24
105,0.9955656053259718,0.0006523341203572952,1.7808502473011185e-31,2.539852039519934e-24
106,0.0024472056968084495,0.0005119241611299186,6.162065787393563e-31,2.8756795128723677e-24
107,0.00753774597128544,0.0003226262729686037,2.5502396912395456e-30,3.2955100597588626e-24
108,0.0035602736754481055,0.0007098279417461589,2.801109749143311e-26,3.822813012686417e-24
109,0.0011679899527692096,0.00043323167699889007,8.375070000964862e-37,4.4889515678453746e-24
110,0.00038628188313001685,0.0003277181337914156,1.8417966404175775e-36,5.336334238755965e-24
111,0.00013927128983109115,0.00029056075486051235,4.328573396717008e-36,6.422496481947041e-24
112,5.530709801227599e-05,0.0002448546255247559,1.094519490201141e-35,7.826404037285256e-24
113,2.4453905004772905e-05,0.00013716218653813636,3.003804472043752e-35,9.657091723703322e-24
114,1.1902828087723102e-05,0.00015208377255520564,9.052780035737537e-35,1.2066951505868424e-23
115,6.299966259648155e-06,8.926093527748494e-05,3.0461256782593763e-34,1.527046793144446e-23
116,3.4234217127955745e-06,0.0001751166542127983,1.1732506028002153e-33,1.9572761643788365e-23
117,2.1149321354850658e-06,0.00010876281417331716,5.392730035278809e-33,2.5411966328785523e-23
118,1.4359354797324524e-06,0.00013609733705471347,6.5641473688823e-29,3.3423780268976774e-23
119,1.065108402879186e-06,0.0011520084900148058,2.268459307618183e-37,4.453984770753395e-23
120,8.506631523957388e-07,0.0016380746739644322,6.653941149581384e-37,6.014078726788493e-23
121,7.666142829651686e-07,0.00021960918142678313,2.1415320575201833e-36,8.229335262993344e-23
122,8.421864049003342e-07,0.00014266789418318585,7.686091181215314e-36,1.141279446116724e-22
123,1.388418095648455e-06,0.00014842005450651531,3.153722733196752e-35,1.6043796955562435e-22
124,3.972761307028627e-06,0.0003979563713402928,1.5423264845240058e-34,2.2864755801194914e-22
125,1.6778765495493888e-05,0.0026726762328985994,1.9950206783741553e-30,3.303960434472382e-22
126,8.566189551452686e-05,0.0002751592659461677,4.0939919267407197e-38,4.841425651619657e-22
127,0.0004665657258290289,2.604136018914465e-06,1.3842725790361565e-37,7.195396798795914e-22
128,0.0027135077591970863,3.3656264648258993e-05,5.218206769418932e-37,1.0847938345199535e-21
129,0.018153033073934764,0.00012908356977249603,2.2468476468893404e-36,1.6593074148038554e-21
130,0.14193863077953775,7.981433564800668e-05,1.1524327291479994e-35,2.5755691063288006e-21
131,0.7855279860787675,7.659267308289747e-05,1.5626453832569442e-31,4.057598797294053e-21
132,0.050830742543461836,7.833564218095458e-06,1.9281210123164474e-38,6.489292903210474e-21
133,0.00030701858451238207,0.0002734876716792313,3.8164006746145856e-38,1.0537860879521703e-20
134,9.876812928529702e-06,0.00017920057265225148,1.7109598493677104e-37,1.7379160181821844e-20
135,4.947105318402827e-06,0.00010023383418797605,9.132340005113364e-37,2.911560074268471e-20
136,3.4403783001791303e-06,0.00011352204028245103,1.2872845220244333e-32,4.9562632669435415e-20
137,2.8578618122779646e-06,0.00024724794555109605,1.005198910774425e-38,8.574733892847547e-20
138,2.8686839786108165e-06,0.00012828860871512938,4.6251365693103724e-38,1.5081419916332833e-19
139,3.2236726965143406e-06,0.00012877575415176133,2.5329249243033855e-37,2.6974185113291737e-19
140,3.983718686634907e-06,5.4777017032440516e-05,3.655565262961037e-33,4.907532766565806e-19
141,5.590046484138712e-06,0.00010431023869751413,1.9728282437996365e-38,9.08512669383874e-19
142,8.506986225679474e-06,6.081396175414235e-05,1.0951952915432902e-37,1.7119490577382724e-18
143,1.3900680553614672e-05,8.102391430965477e-05,1.5815717317600068e-33,3.284771104965864e-18
144,2.630506069835754e-05,0.00013119984544130442,6.508144811946705e-38,6.4199433905915826e-18
145,5.748978966094206e-05,0.00023845241777990133,9.51115800069291e-34,1.2786392193846008e-17
146,0.0001435141753097083,0.003340171589978221,4.041425661063244e-38,2.5961881350604486e-17
147,0.0004093734486747683,0.015199579330750718,5.948745698372928e-34,5.376476280322176e-17
148,0.0015704178045884802,0.15990832571011337,2.954083539269047e-38,1.1361608743123204e-16
149,0.004492879261395742,0.8234666290176447,3.875173074669449e-34,2.45124150408223e-16
150,0.9997812141176423,0.7248982922669364,3.1710856809320938e-34,5.402317256459284e-16
151,0.00024521358243068705,0.23454579386174798,2.6199307153716524e-34,1.2166136018534782e-15
152,7.798489098462127e-06,0.03333515758203149,2.186729277445591e-34,2.800216805023624e-15
153,2.3010316668767625e-06,0.005766850315178397,1.8420701016740352e-34,6.5910131462580415e-15
154,8.1343107207247e-07,0.0011223192789051421,1.566866302548775e-34,1.5876743372482992e-14
155,3.1411516636807377e-07,0.00023397353158406394,1.345425722496601e-34,3.917049175350921e-14
156,1.3257849295594455e-07,5.59344568397583e-05,1.1663866086337613e-34,9.906631636539017e-14
157,6.279135735020288e-08,1.4742965896085908e-05,1.0202548234013589e-34,2.5708392215500416e-13
158,3.356156517009485e-08,4.080110367888947e-06,9.021934624619521e-35,6.852667611876946e-13
159,1.787966866777829e-08,1.1718895435145797e-06,8.050086012206473e-35,1.878371181374106e-12
160,1.1152120198139462e-08,3.573788049571268e-07,7.248712775481426e-35,5.301476224053993e-12
161,6.875713452948557e-09,1.1791014762502534e-07,6.589006678692872e-35,1.5428504128607018e-11
162,4.67977205956987e-09,4.213276786648373e-08,6.04581002491266e-35,4.637252301411826e-11
163,3.6056336282378244e-09,1.5373779037839193e-08,5.599312623493153e-35,1.4420942206182477e-10
164,2.8146920771279024e-09,5.694838855679233e-09,5.235282536118657e-35,4.6496878658547167e-10
165,2.1203579463797494e-09,2.2508205172792774e-09,4.941334064439915e-35,1.558074825880339e-09
166,1.639831263363986e-09,9.758392596692287e-10,4.7079346270247323e-35,5.441213081573187e-09
167,1.4853806920543298e-09,4.3314808771935497e-10,4.527920032161518e-35,1.9869066286401227e-08
168,1.5203509749055398e-09,1.996583703463981e-10,4.3958804785053403e-35,7.616401492374538e-08
169,1.3423456842850212e-09,9.555916602238497e-11,4.308027164976527e-35,3.0797775033222414e-07
170,1.202409562993541e-09,5.0201057960324155e-11,4.2617679062335404e-35,1.3216839267056304e-06
171,1.1065079131310775e-09,2.8553348178084514e-11,4.2532885296475885e-35,6.067552283074126e-06
172,1.0960855636020977e-09,1.748293345636554e-11,4.283311557570945e-35,3.01509692402484e-05
173,1.0903305554532517e-09,1.1355638952314911e-11,4.363393802440957e-35,0.00017239250717203614
174,1.2114479510062538e-09,8.328086711221412e-12,4.4822290896899546e-35,0.003649695164055236
175,1.3600551990455536e-09,7.110913655273412e-12,4.647924513606482e-35,0.4645384536419925
176,1.5547672709350322e-09,6.658416970462468e-12,4.865038913810329e-35,0.5251264078190955
177,1.8650998077792495e-09,6.975681020419581e-12,5.140071782701889e-35,0.009447409598756258
178,2.1814127485620245e-09,7.89924528768614e-12,5.48164586318788e-35,0.0005248375692948674
179,2.292615982992749e-09,1.0327002507744877e-11,5.902386605734154e-35,0.0001394647302124494
180,2.3799788105673427e-09,1.5202662907030837e-11,6.418132419588473e-35,3.465085090038098e-05
181,2.4814358467069257e-09,2.3847189661724686e-11,7.045334736747891e-35,8.905442162765776e-06
182,2.172511490857475e-09,3.9291799071824983e-11,7.80740182921356e-35,2.4065418302505135e-06
183,2.0425829665740867e-09,6.664669084533836e-11,8.73427146549033e-35,6.833304523387238e-07
184,2.2717243157588455e-09,1.278038126673479e-10,9.864355610989924e-35,2.048254710476446e-07
185,2.529680282656424e-09,2.5478527476770147e-10,1.1255306544512513e-34,6.473969240543587e-08
186,3.172629410829301e-09,5.248155275776119e-10,1.295645509133702e-34,2.1485569897363522e-08
187,3.4437701895775603e-09,1.089082533360596e-09,1.5066484674981686e-34,7.461483199438247e-09
188,4.30321390476494e-09,2.3418329913124836e-09,1.7695182072874908e-34,2.7043937301981895e-09
189,6.5268910691297506e-09,5.736317150149251e-09,2.0981182608833303e-34,1.020580338988443e-09
190,9.143702558310016e-09,1.4091773602932412e-08,2.5127086611854206e-34,4.001257790050219e-10
191,1.1709384928887208e-08,3.6316772755022406e-08,3.0353012724895484e-34,1.626618348057138e-10
192,1.7776538167146285e-08,9.333808021074881e-08,3.700841778496111e-34,6.845220239347436e-11
193,3.7561839793824965e-08,2.6522810498751125e-07,4.564074464890985e-34,2.977566886128523e-11
194,7.817833163517038e-08,8.243482954047028e-07,5.685847189500145e-34,1.3370255266318251e-11
195,1.7815674092054533e-07,2.6378578212478355e-06,7.155464799504585e-34,6.190310889780371e-12
196,4.702542597503844e-07,8.838251329629504e-06,9.09809146407202e-34,2.952047369895226e-12
197,1.2723992882301385e-06,3.097486868092934e-05,1.1679682320825251e-33,1.4486290882538553e-12
198,4.166588217485526e-06,0.00012580366060694777,1.5149262279065913e-33,7.30693552889357e-13
199,1.7660561911862936e-05,0.0005665440009384735,1.9860372024864704e-33,3.7852507020061063e-13
200,0.00020121808209760703,0.002714581556446971,2.630027513298139e-33,2.0125552295575924e-13
201,0.011690564657459884,0.014540540212709837,3.517928662751876e-33,1.0975612922265125e-13
202,0.9881293090631645,0.09795951669433724,4.7554638775091424e-33,6.136145340719163e-14
203,0.0017890159789341524,0.883933292571879,6.499599498296819e-33,3.511692026100911e-14
204,0.03717224446399599,0.5418211300982935,8.97518639472371e-33,2.0125901996419434e-14
205,0.5947681528945393,0.39121579338823104,1.2527248390353197e-32,1.2222403685485766e-14
206,0.2957405636653078,0.05241548984748033,1.7637564206694144e-32,7.594745136492335e-15
207,0.05914864159673678,0.012951785543946544,2.5158652158528685e-32,4.816665471564439e-15
208,0.010488071763317041,0.0017991375172852055,3.627781962234818e-32,3.113443765937629e-15
209,0.0019425178856976413,0.0003261198958692016,5.287660772141439e-32,2.0561985646932033e-15
210,0.0004480781349041437,0.00019047970122237326,7.792149959956141e-32,1.3871890959028209e-15
211,0.00011579205586567066,6.700440441545639e-05,1.161186131825562e-31,9.557591532137319e-16
212,3.2842229560042865e-05,8.822904459871637e-05,1.7497820325086045e-31,6.723582236685602e-16
213,1.0110316107019368e-05,9.757555981761231e-05,2.666877308823423e-31,4.828452067133216e-16
214,3.3490322941722726e-06,0.0001055225203462942,4.108883768873929e-31,3.5390409616404275e-16
215,1.1367907385335894e-06,0.00015887062876241445,6.409423865800688e-31,2.6493040139300517e-16
216,4.4305673619502364e-07,0.00023899097110829752,1.0113947366604798e-30,2.025543270541783e-16
217,1.9552293111002364e-07,0.00018661147545953366,1.614490790519932e-30,1.580785425017082e-16
218,9.182397468727295e-08,0.0005296723731861435,2.6070959535847187e-30,1.2591129412288829e-16
219,4.804701622873476e-08,0.0003891004681083659,4.2614106660773364e-30,1.0234199195327433e-16
220,3.0087135849773936e-08,0.00046767948459468304,7.05014739463202e-30,8.487746728062971e-17
221,2.2095483405801185e-08,0.0011484835999423378,1.1805601738606077e-29,7.181837789865158e-17
222,1.81952007885972e-08,0.0011033203254332304,2.0016990647273903e-29,6.199337825104638e-17
223,1.876416449818003e-08,0.002994007458907091,3.4351939186993915e-29,5.458731425004815e-17
224,2.2358868867514862e-08,0.0010500661334213823,5.968175997054059e-29,4.9028658647560717e-17
225,2.757697297364326e-08,0.00019546711493748155,1.0508571580018492e-28,4.4916260595415953e-17
226,3.860070853667567e-08,0.00027635716884985697,1.8724120728941871e-28,4.197018405696394e-17
227,5.7705499603589196e-08,3.170196265059915e-05,3.3846842593573733e-28,3.999956123044957e-17
228,9.187291317743317e-08,2.6044522930224086e-05,6.193975660532533e-28,3.8882568464455725e-17
229,1.4752504394046872e-07,0.0010677452601176604,1.1489044065058946e-27,3.8552123608246735e-17
230,2.8865623206576124e-07,0.00300296882517638,2.159996661240715e-27,3.8989729670377447e-17
231,6.051978486554961e-07,0.012145876146095304,4.116424239384758e-27,4.022387368257612e-17
232,1.338312187680744e-06,0.008675699082931953,7.95549606684948e-27,4.23326863741213e-17
233,3.2099184691296722e-06,0.00654404842492881,1.5586147195019424e-26,4.5453511990535964e-17
234,8.752356711819749e-06,0.0015832197473103183,3.0950552328085025e-26,4.979665445633371e-17
235,2.7521421989520374e-05,0.44509143838047827,6.244125930084288e-26,5.567095355554295e-17
236,9.655214253742248e-05,0.25973390900494453,1.2749366551022966e-25,6.352006264556658e-17
237,0.00337423923899882,0.07015846381531984,2.648977514500039e-25,7.398065593747197e-17
238,0.7651342084632514,0.039677396920201884,5.588685369706204e-25,8.796906207480237e-17
239,0.22482435081330115,0.01962569630792767,1.1961487348801802e-24,1.0681626701047488e-16
240,0.006819560723300612,0.014004657654847099,2.5991392648825165e-24,1.3247883627451028e-16
241,0.00018178156100314387,0.018282313589389577,5.739732692595541e-24,1.6787262817587583e-16
242,1.8982997160659798e-05,0.011419648932800277,1.2879933321275724e-23,2.1742517399573512e-16
243,5.631539162572348e-06,0.0056767347387449135,2.934601516470681e-23,2.87983896026226e-16
244,2.119762995636979e-06,0.003209527417069389,6.796784386278583e-23,3.9020176841789137e-16
245,9.019040179045578e-07,0.0023291283429700154,1.6008988882896628e-22,5.409835492149592e-16
246,4.345992785151871e-07,0.0020662503267465174,3.845427953168416e-22,7.681751206013635e-16
247,2.4770173089086474e-07,0.002590787367821775,9.409692026853577e-22,1.1183856636779356e-15
248,1.4775643201750655e-07,0.0010423048555089711,2.3445200267773227e-21,1.6718580218792722e-15
249,9.317291270178805e-08,0.0008796311977303608,5.9523723283481134e-21,2.571225464149814e-15
250,6.325471774336335e-08,0.0009392430999336158,1.541344276716083e-20,4.079311247831795e-15
251,4.664876223958732e-08,0.00046746744581776785,4.0691192133158584e-20,6.700824233284815e-15
252,3.7159506438608984e-08,0.00024694349803057453,1.0965601494659535e-19,1.1451394973938629e-14
253,3.198809164446111e-08,0.0002448900476185524,3.017874793837366e-19,2.048415830131761e-14
254,2.904198401278374e-08,0.00011051271480107541,8.487084148415894e-19,3.8623794199686894e-14
255,2.7976721524515336e-08,0.0002497583754385679,2.4405867725943586e-18,7.732218785233179e-14
256,2.8866431768726095e-08,0.0007318783304722511,7.18163329583822e-18,1.653524570312725e-13
257,3.16108036598804e-08,0.00040518755245025074,2.164146749590992e-17,3.7904899546752933e-13
258,3.68467175783762e-08,0.0002552681130557589,6.68437439880523e-17,9.31429407839128e-13
259,4.750970018695603e-08,0.00014566560116090538,2.1181478420541634e-16,2.445170183976663e-12
260,6.363394746308098e-08,0.0001152335870856862,6.893325837422062e-16,6.8194192125482624e-12
261,8.761027866273417e-08,0.00016819111291748503,2.30923114661524e-15,2.0079189921046794e-11
262,1.256200735892571e-07,0.00039698439260759386,7.969023143632265e-15,6.206029223880556e-11
263,1.9225726000887184e-07,0.00019338384312819542,2.8301502705692623e-14,2.004377998154568e-10
264,3.082442480027974e-07,0.0002355245716056559,1.0409955674354574e-13,6.74339356250916e-10
265,5.19937434947702e-07,0.00023082076169711512,3.9596246013359997e-13,2.35896248070958e-09
266,9.27988672692272e-07,0.0005551838099692442,1.5626691355339883e-12,8.57412799767109e-09
267,1.7416784513740468e-06,2.0985796780833786e-05,6.417943865361279e-12,3.2390265743038956e-08
268,3.4625027574471623e-06,0.00022760465171169675,2.7595661930875247e-11,1.2731321204882078e-07
269,7.320984256488523e-06,0.00023848967113880868,1.2511916213980748e-10,5.216632396692893e-07
270,1.7405395838171628e-05,0.00026439917863119953,6.082711407591136e-10,2.234359512185993e-06
271,4.365031919348768e-05,0.00030550918466368433,3.3406190947880013e-09,1.004096619855229e-05
272,0.00011422686610332937,0.0007672422018949752,2.264389830989634e-08,4.754717136307021e-05
273,0.0003212027693097243,0.0012819382556282033,2.1373881920251627e-07,0.00023872534523022845
274,0.001012616189782193,0.0011811503755449631,2.917649801153157e-06,0.001281682665620003
275,0.003512860228871597,0.0040731797081836755,5.2645338401899135e-05,0.00744547697954616
276,0.014008460092070109,0.007083709585709574,0.0011523664429242096,0.047603693701837244
277,0.06955848073035306,0.00927324714318582,0.030174408733362128,0.34378538115643553
278,0.41779032910986064,0.028062652803889695,0.9684655898913881,0.5995611946750564
279,0.12364178732620792,0.06965238311030326,0.0019666444879513174,0.0005662167606040562
280,0.2643110434898289,0.13210783612051175,0.004697218189818586,0.0001638690083345932
281,0.3233718007502572,0.06239782741731838,0.5793913085753916,0.00010754373686128264
282,0.28199735713964363,0.03443528895744425,0.3454757730128474,8.501193304212252e-05
283,0.09534010053133134,0.09925385137426616,0.061027947784417995,8.007828148866716e-05
284,0.027512293808698355,0.39655189939359936,0.009129400934017654,9.011227387165157e-05
285,0.006719714041320592,0.19463296942517727,0.0014198395692355014,0.00012296335791944684
286,0.0015304233459080615,0.00013953220663884204,0.00024123572384969014,0.00021065963599827572
287,0.0003687996731277068,0.00028556688063797114,4.669533730140842e-05,1.0000000460339797
288,9.955585514060415e-05,0.0006300688150047108,9.777894285535979e-06,2.8439833009887124e-16
289,2.928678360973607e-05,0.0016330659856680964,2.2776009135147866e-06,2.1424778447180172e-16
290,9.201672111891115e-06,0.002015969095311827,5.712696577338487e-07,1.7338458990796595e-16
291,3.14869344877182e-06,0.003677676170136068,1.6513299970216794e-07,1.5056598519802887e-16
292,1.1585188575779066e-06,0.0021441238788873704,5.365306955613688e-08,1.4023854663097892e-16
293,4.5148093718617247e-07,0.0010158344379714067,2.0021422515013975e-08,1.4011743930078378e-16
294,1.8718782758735102e-07,0.007077470553226141,8.542948002156138e-09,1.5029039254200965e-16
295,8.327284843435994e-08,0.0051309591331785386,4.1515858983967164e-09,1.7330358276625362e-16
296,3.950456630954202e-08,0.006612481821768686,2.231971860129151e-09,2.1531639500868154e-16
297,1.93190314727913e-08,0.011849749643051305,1.305359274507297e-09,2.891235595498899e-16
298,1.0187072034381776e-08,0.02194859832760423,8.13206361583553e-10,4.2137673320844896e-16
299,5.768669089690214e-09,0.013586383263983422,5.403363503963546e-10,6.704038628773089e-16
300,3.4870641321032644e-09,0.011469299010362482,3.811730890610239e-10,1.1735118329495526e-15
301,2.2889326822373062e-09,0.012144593420027688,2.806173749122868e-10,2.284896228497858e-15
302,1.6267219317047633e-09,0.0009816626947851746,2.1727480807854674e-10,5.027269867551462e-15
303,1.246949758314316e-09,0.0009746108785861605,1.7595063008267992e-10,1.2806055051460917e-14
304,1.0390830054378072e-09,9.61806418317462e-05,1.4888699891941042e-10,3.9348780174971983e-14
305,9.376291266180622e-10,0.00021229975438767559,1.3123064142532673e-10,3.2345506695351086e-10
306,9.189330131045417e-10,0.0005095830708892261,1.2127775987248012e-10,6.94688869218623e-21
307,9.962770829870005e-10,0.00028382671107369915,1.1656478329102588e-10,2.1437390187260215e-24
308,1.1482140449054911e-09,0.00057886059826788,1.1696474376453609e-10,1.3297383727237987e-24
309,1.390808635329782e-09,0.000379615824962958,1.2303961234844423e-10,1.0611923465430884e-24
310,1.7795069948174933e-09,0.0007548850084858168,1.3516763434889902e-10,1.0681010341503255e-24
311,2.392422400370687e-09,0.0015161357255319772,1.5556770497434088e-10,1.3510038738620627e-24
312,3.3599712805356522e-09,0.00021458759467466048,1.878335045581054e-10,2.1543520260941327e-24
313,4.996143728509298e-09,6.544775114190902e-05,2.375077942502188e-10,4.3692128114226866e-24
314,7.859813066199715e-09,0.00015784124199016836,3.16344834643264e-10,1.1529531793603547e-23
315,1.2997815140573536e-08,0.00015499298981335656,4.435078357633895e-10,8.620380786411126e-20
316,2.2280789180486636e-08,0.00019444242430469597,6.599069949586213e-10,4.1231880769717397e-29
317,3.9797546409482194e-08,0.0003727587223554258,1.0463620537072201e-09,7.566691480524271e-29
318,7.563851940040831e-08,0.00026489258778260316,1.7860254409875854e-09,1.5490076657805332e-28
319,1.518607130899723e-07,0.00042543256683228196,3.3197383436975573e-09,3.555382162948393e-28
320,3.189021982027804e-07,0.0009553318396697268,6.8367458916990725e-09,9.259245925372883e-28
321,7.064826660933611e-07,0.0006703920166535042,1.5780784779825794e-08,2.796024685267293e-27
322,1.6710425364215515e-06,0.0006642438579824305,4.1199177410639353e-08,1.0183004929006973e-26
323,4.2067599074262054e-06,0.0014014316622228044,1.222065522362072e-07,9.90926333655005e-23
324,1.1269165629063436e-05,0.0018437430953859159,4.0959255772296985e-07,1.5121763274081962e-30
325,3.231055675050601e-05,0.0005258296949424395,1.5349675150048454e-06,3.8757909083247515e-30
326,0.00010031090290622622,0.0025567845264409675,6.400502010123572e-06,1.1272404036781448e-29
327,0.00033937735864357754,0.004143901367970362,2.966545420673153e-05,3.768479209787146e-29
328,0.0012686570515834088,0.007903258223730752,0.00015435696156858409,1.5092368442510532e-28
329,0.0053032646071442474,0.01739111012806407,0.0009223074069218072,1.6063354306745794e-24
330,0.02568147446237795,0.1017756436820243,0.006719398294141648,1.5341599718606032e-31
331,0.15962614516135076,0.6035678915280344,0.06717346773245984,4.709245668522474e-31
332,0.8039118136860296,0.242288403281036,0.9229957180797566,1.6774199402337347e-30
333,0.547621101613869,0.21982037047250771,0.0036627419933359037,7.143909402850807e-30
334,0.42710562050482465,0.6874720220268327,0.0009345914701262279,8.069122651290668e-26
335,0.023887500907862978,0.07883768875589518,0.0005810964386104711,4.985481829508962e-32
336,0.0014857045528064187,0.01112586729309363,0.00040309327373339417,1.831046204936046e-31
337,0.00010992600931353661,0.0018945802815239757,0.9796001296953146,8.13416432142318e-31
338,9.65727728067457e-06,0.0003845018857352823,7.648336281165371e-06,9.557192263194903e-27
339,1.016559378362995e-06,8.605615705541409e-05,0.017887750353052304,4.06005188836386e-32
340,1.6696262673048545e-07,2.1038459810509408e-05,0.0021861653582124847,1.836311862233712e-31
341,4.448737909494007e-08,5.330041786813723e-06,0.00028984081252561404,2.2216827260511327e-27
342,1.6199352708758903e-08,1.5371628416702636e-06,4.034422294267823e-05,1.0290560990279965e-32
343,6.6544605284209985e-09,4.828807195215796e-07,5.92741553046467e-06,4.498178859376469e-32
344,2.9326965186824794e-09,1.6011910177357076e-07,9.341628989405777e-07,5.498299711880367e-28
345,1.3695861971654291e-09,5.427567318816037e-08,1.6126393241942684e-07,1.9470624998151162e-32
346,6.741286153878354e-10,1.914224417140725e-08,3.119081515849429e-08,2.420194471699965e-28
347,3.428661124061672e-10,7.369551358304916e-09,6.806891789194883e-09,8.89125294616333e-33
348,1.9881819936344617e-10,2.981821816376663e-09,1.676818546720597e-09,1.1186653189706535e-28
349,1.0943568329098439e-10,1.265145784093722e-09,4.598218300037908e-10,4.823470321576605e-33
350,6.4151506331851e-11,5.345285511257482e-10,1.3775429973253016e-10,3.549298345324821e-29
351,3.873678986702157e-11,2.371560811077529e-10,4.4208724525283595e-11,2.524570619405719e-29
352,2.4027873365505564e-11,1.1488970099045177e-10,1.506418873182844e-11,1.8167688558093344e-29
353,1.548451310143964e-11,5.6103497005990366e-11,5.374640572214071e-12,1.3225774273989352e-29
354,1.06122858727891e-11,2.8387991601100786e-11,1.978924111793692e-12,9.739272079357038e-30
355,6.9146679407859714e-12,1.4105921855449332e-11,7.549558136409734e-13,7.253913097397902e-30
356,5.177805009312149e-12,7.579463244944957e-12,2.999702965473769e-13,5.4642267685207776e-30
357,3.890740121334536e-12,4.472034498965863e-12,1.2302696227695527e-13,4.16261017965404e-30
358,2.9826519310980788e-12,2.614284669084954e-12,5.218641083231466e-14,3.206665009552878e-30
359,2.305501399143952e-12,1.5549067183651144e-12,2.2668286462039883e-14,2.4978467763671773e-30
360,1.874032397762619e-12,9.473347266765031e-13,1.0115471402245327e-14,1.967308526179399e-30
361,1.561329255026625e-12,6.205361050889212e-13,4.632007038761167e-15,1.5665843594997972e-30
362,1.3413710479063537e-12,4.3380645752843724e-13,2.178950915364083e-15,1.2611882331082923e-30
363,1.1779849925294405e-12,3.162597258734707e-13,1.052526575198661e-15,1.0264338077694573e-30
364,1.0707772245331214e-12,2.418555439507951e-13,5.189304118431429e-16,8.444754657881695e-31
365,9.757573383007037e-13,1.9008592030653714e-13,2.605646306482526e-16,7.023090723424247e-31
366,9.56385585702154e-13,1.6167448798291434e-13,1.3406250215984256e-16,5.903887954257342e-31
367,9.650950532156315e-13,1.494972073247467e-13,7.05974854548377e-17,5.016413492429902e-31
368,9.934844109319213e-13,1.473792134277096e-13,3.8063420841684316e-17,4.3080496879122286e-31
369,1.0219216556854245e-12,1.4771580709178467e-13,2.0910523126072187e-17,3.7392429715618075e-31
370,1.1229225457080553e-12,1.6286776147241233e-13,1.177992472904324e-17,3.2801141095969686e-31
371,1.2682844927751898e-12,2.0328965644937164e-13,6.781161971528296e-18,2.907925663236519e-31
372,1.4684101940823522e-12,2.665267722794843e-13,4.000577723166795e-18,2.6052941988871254e-31
373,1.7562894968430091e-12,3.6605029004309157e-13,2.406817674241534e-18,2.358827136443323e-31
374,2.151618107558348e-12,5.162663422455815e-13,1.4771847183112089e-18,2.1581822158426645e-31
375,2.6141668522772134e-12,8.133908893823615e-13,9.210431241164659e-19,1.9953973456338147e-31
376,3.5817533617380997e-12,1.378278874645236e-12,5.864313589138481e-19,1.8642753250015265e-31
377,4.59808932114659e-12,2.4094089388775866e-12,3.8046470034689096e-19,1.7600301959732407e-31
378,6.706030705778416e-12,4.365212802074953e-12,2.518255959197638e-19,1.6790345255524577e-31
379,9.451651621873477e-12,8.059166715554677e-12,1.6178268691586873e-19,1.6185219746992353e-31
380,1.4468102340528631e-11,1.6744601738133264e-11,1.114101267436023e-19,1.5764992831285993e-31
381,2.2312576032967938e-11,3.625035330962252e-11,7.822022074954927e-20,1.5516072894337136e-31
382,3.595716735657245e-11,8.099622139040853e-11,5.592655377154966e-20,1.5430595403350655e-31
383,5.9840440422839e-11,1.8579034644577646e-10,4.0512275200124885e-20,1.5505762107571852e-31
384,1.0438588220744607e-10,4.513577136507271e-10,2.979628756177618e-20,1.5743928514370613e-31
385,1.897020194656004e-10,1.2223121061361837e-09,2.2281572956402556e-20,1.6152607664600906e-31
386,3.5528058781885023e-10,3.4748426125075912e-09,1.432319000955802e-20,1.67449955326386e-31
387,7.130338016914169e-10,1.0400093468018083e-08,1.1169934262369179e-20,1.7540565758678747e-31
388,1.480496399999456e-09,3.144132385841615e-08,8.840523129516801e-21,1.8566140137246093e-31
389,3.2379286139949507e-09,1.099947227183676e-07,7.091870915180636e-21,1.9857252964425726e-31
390,7.202177232298384e-09,4.2696373354977785e-07,5.786061624701789e-21,2.1460811294919524e-31
391,1.8626662365278836e-08,1.7626166936384822e-06,3.3693799250266067e-21,2.343738403223578e-31
392,4.838511935036591e-08,7.826404148308614e-06,2.835747732089284e-21,2.586494249054003e-31
393,1.36806671939595e-07,3.591818224412377e-05,2.408398284082709e-21,2.884473245227147e-31
394,3.904811058095346e-07,0.00019506793108208821,2.688204191886938e-22,3.25072893381026e-31
395,2.1237650105252195e-06,0.0012269431547108915,2.3757102823265896e-22,3.70226509963382e-31
396,6.44363073501197e-05,0.008538993271900414,2.134891812228864e-22,4.261214308088986e-31
397,0.005947423314524281,0.07012636318164896,1.6602796328462603e-22,4.956726410949324e-31
398,0.9940170376973356,0.9198201848360735,1.5350016168594296e-22,5.8272296626888815e-31
399,0.014204974297518543,0.04478425024106841,1.2959317370225133e-22,6.923964780228168e-31
400,0.3397994396576931,0.8202152092091988,1.4109144053953181e-22,8.315397557013284e-31
401,0.2469283364291913,0.10009900642272712,1.3730526773721824e-22,1.0094074774651847e-30
402,0.06545862647496292,0.02664762752481154,1.3583480708623733e-22,1.238583378405327e-30
403,0.015844558674624417,0.005087483091448882,1.3582683913366578e-22,1.5362989139206717e-30
404,0.004214886971227435,0.0025302022709266297,1.3715971048369526e-22,1.9263472649221633e-30
405,0.0011713156027077084,0.0005590470774106277,1.39643135369858e-22,2.4419209751350603e-30
406,0.0003944264986944432,0.00038208949969432987,1.442694045402243e-22,3.129560593933773e-30
407,0.0001481527117642666,0.00010202493293102757,1.5140239571968416e-22,4.055238010859851e-30
408,6.012220392984339e-05,0.0002908255491689705,1.6159104463628886e-22,5.313171116498917e-30
409,2.721741708021523e-05,0.00014497321571387434,1.7490418902027415e-22,7.039235249525263e-30
410,1.322941971491204e-05,0.00021038008831139192,1.923343433991408e-22,9.430932578644271e-30
411,6.833703567238336e-06,0.00029522050191488813,2.1514797823551392e-22,1.2778435387517665e-29
412,3.615681026181209e-06,0.0002140411692337736,2.436151519998842e-22,1.751141044736897e-29
413,2.2606467799281537e-06,0.00044304469675544535,2.802624542306895e-22,2.4272517126263135e-29
414,1.5406838168530832e-06,0.00019288642677212238,3.2641125136838795e-22,3.403286345022556e-29
415,1.0942256968870594e-06,0.0016190238176077495,3.8736736436576473e-22,4.827347723221484e-29
416,8.454033587410503e-07,0.0013364481402242,4.644219470796339e-22,6.927474666559417e-29
417,7.222690440497615e-07,0.0011973505883604452,5.645787364870645e-22,1.0058748153379124e-28
418,6.840183789428939e-07,0.0008430314136233719,6.971647454035302e-22,1.4779237542524735e-28
419,6.960448218233668e-07,0.00010405939772773132,8.737410898420658e-22,2.1975679125412937e-28
420,9.247440073687502e-07,0.17236407288395153,1.1092762628638734e-21,3.3072049957307167e-28
421,1.4627675339313344e-06,0.07664329623053413,1.4299529491348482e-21,5.037981051215747e-28
422,2.755388448782131e-06,0.037203880668583676,1.87414081032983e-21,7.769145784466903e-28
423,6.263598866726851e-06,0.031367562246686555,2.4918026280260976e-21,1.213014525470196e-27
424,3.079431215390108e-05,0.04059543562729169,3.3621590232142508e-21,1.9177312836041883e-27
425,0.008495330916918562,0.028164762013544748,4.597196677101877e-21,3.0703758372047472e-27
426,0.46935414998625813,0.011294823499147911,6.3366588923023404e-21,4.9789599658168324e-27
427,0.43072741384504126,0.009876061075417546,9.071137727703433e-21,8.178752455995147e-27
428,0.07940484432422051,0.007650370675184512,1.3183906433775226e-20,1.3611408315511685e-26
429,0.010542618711411909,0.004571463527947738,1.918111952460192e-20,2.2953623272665776e-26
430,0.0013619620053385907,0.002008404714544438,2.830577056099898e-20,3.9228604160792954e-26
431,0.00018664451411431617,0.0012497577922601256,4.254314244867351e-20,6.79562076594726e-26
432,3.0014464437562045e-05,0.015700117098178465,6.515210818126643e-20,1.1934602107476781e-25
433,7.049134897675953e-06,0.013335124317550183,1.0182615712268691e-19,2.1252849062583976e-25
434,3.0267961161376385e-06,0.006178441218633342,1.6155708016911452e-19,3.8383206255995015e-25
435,2.100695476650391e-06,0.006041001431612876,2.611653269311613e-19,7.031824811625201e-25
436,1.8647125284354053e-06,0.004680160775806652,4.287342595432419e-19,1.307039247587666e-24
437,1.8739745320878501e-06,0.001735216440810084,7.169723704253705e-19,2.465466646318012e-24
438,2.151765863190982e-06,0.0008980106331188645,1.2210656762288171e-18,4.720618941340671e-24
439,2.7103657765612185e-06,0.0009471752496610286,2.122918783890674e-18,9.176929273828738e-24
440,3.557756327598575e-06,0.0045273232751957765,3.762623946115484e-18,1.8117869736101344e-23
441,4.979920584418005e-06,0.0011711613908525146,6.839441992033413e-18,3.633783597299788e-23
442,7.472956493540859e-06,0.0009261308881207979,1.2561712190321981e-17,7.40504542188428e-23
443,1.2458533379482876e-05,0.0005567006149202038,2.3451425240340705e-17,1.5336717099417046e-22
444,2.2188310722932757e-05,0.00035061284957287785,4.48548399910006e-17,3.229279439646927e-22
445,4.246843130254616e-05,0.0005848311524826847,8.81072238246739e-17,6.914910593125938e-22
446,9.040155250920568e-05,0.0031003408975157957,1.7814280297187447e-16,1.5063387952455741e-21
447,0.000211130312593848,0.00035928059864882817,3.6906949666079955e-16,3.3393838765276284e-21
448,0.0005494284857433663,0.00016039133656671592,7.842063387801158e-16,7.536792742749988e-21
449,0.0017709276574369864,0.0021076939551742157,1.714018245528341e-15,1.7324298729174595e-20
450,0.007093380114814379,0.000325724036705684,3.859221110940093e-15,4.0575059163523735e-20
451,0.037695923518586985,0.00023397838618399722,8.931009761095265e-15,9.687109990844962e-20
452,0.07282842160209466,0.00025110319677863004,2.1341104546531084e-14,2.3587010215106135e-19
453,0.009372332046340486,0.00041673794212113716,5.3021030164936277e-14,5.860308554465011e-19
454,0.5647294151750032,0.00264015659831068,1.3566709595214978e-13,1.48653646782897e-18
455,0.37635994052771576,0.00024357017244709087,3.5548850089154154e-13,3.8521061268365375e-18
456,0.04784870691008813,0.00030558627634842065,9.708983956633503e-13,1.0203798516934752e-17
457,0.00874250256187487,0.00022935920311801419,2.762189256802838e-12,2.764816407915236e-17
458,0.001610736127588817,0.00047609525056238546,8.293538161472833e-12,7.668868669353307e-17
459,0.000306582662378676,0.0001772916358368099,2.6276905362239547e-11,2.1792633571491318e-16
460,6.224242317221178e-05,2.0121221338078477e-05,8.65693921879243e-11,6.350178156141659e-16
461,1.3686850631057878e-05,0.00011191673422142238,2.961259690610746e-10,1.8992727755466933e-15
462,3.244703301990612e-06,0.0002205150986920164,1.0582985183835075e-09,5.8372193649913485e-15
463,8.324331349984453e-07,0.0002225143966384317,3.981725793017793e-09,1.845950908942961e-14
464,2.317788244651686e-07,0.00014117807963934595,1.572451681703396e-08,6.016795942441549e-14
465,6.918710159706499e-08,9.87729470036668e-05,6.501906217852475e-08,2.0260394494984052e-13
466,2.209272275718949e-08,9.872052512800461e-05,2.8430447022282714e-07,7.072974298840332e-13
467,7.68239265823095e-09,0.0003451063853539729,1.3241251775293085e-06,2.5749917788879407e-12
468,2.985566243672715e-09,0.00038174414924324146,6.53866483823229e-06,9.877919504176734e-12
469,1.1613607052363403e-09,0.0001560476910621268,3.4553103101671006e-05,4.066685175806676e-11
470,4.65375678524924e-10,0.00044789382907392636,0.00019633527127843972,1.8521068529121747e-10
471,1.9563809372822245e-10,0.00017930103597164652,0.0012224546035123083,9.727230967092469e-10
472,8.561934436353814e-11,0.0004421901651872302,0.008485193247566214,6.1238887720983146e-09
473,3.91633073315315e-11,0.0002645467707631762,0.06608553304780151,4.6801858610258696e-08
474,1.878853319140058e-11,0.0004897635515711463,0.6248342880933052,4.2597218244362167e-07
475,9.371748872342911e-12,7.825403983990179e-05,0.32053786318783434,4.478624689977981e-06
476,4.840545763984418e-12,0.001957139144472691,0.536819950530527,5.324925567089298e-05
477,2.560668256001878e-12,0.0025716913962980947,0.10488484893542911,0.0007116868000219561
478,1.4082847986503802e-12,0.001652897705706057,0.02415516622067216,0.010773480046746501
479,8.049974483927439e-13,0.005148472691254864,0.006369033124068057,0.17402310813051547
480,4.73634360041518e-13,0.0030395897724666576,0.0018696110470697233,0.7590349731232433
481,2.874004543636798e-13,0.001787495860048664,0.000604270371739637,0.05600057686163203
482,1.8023714104616952e-13,0.03667422701740686,0.00021260347089684304,0.0003523232728373427
483,1.1685520764525632e-13,0.06411900653081765,8.127390502360796e-05,0.00015676013689459634
484,7.834942849183058e-14,0.03726572202684972,3.3290087551482247e-05,7.443503931357032e-05
485,5.420897690342395e-14,0.013005276673709619,1.4640272477222675e-05,3.616673574394924e-05
486,3.867401132584854e-14,0.003730935253654076,6.913612948282414e-06,1.864425083645676e-05
487,2.8553892623964056e-14,0.0014461833339910017,3.496352956909041e-06,1.0406416194336542e-05
488,2.1784567741184725e-14,0.0005784820256758056,1.8922584424680114e-06,6.287827258097781e-06
489,1.7103371420974685e-14,0.0009211219204387741,1.0943548542291622e-06,4.08499457427813e-06
490,1.374157000149201e-14,0.00047617831581700943,6.800276430503105e-07,2.90710792592171e-06
491,1.1999017905932002e-14,0.0004891154714387535,4.543288521971769e-07,2.1765104159751035e-06
492,1.0503339946669184e-14,0.00017638489663108757,3.2759623203108954e-07,1.793390023757784e-06
493,9.350760183982797e-15,0.00024169043111017436,2.5695011419291903e-07,1.548925720578904e-06
494,8.601569616676834e-15,0.001559303235529996,2.2038171019356548e-07,1.4488181437396078e-06
495,8.138611957082279e-15,0.2171859430750485,2.094542935332167e-07,1.4288742626744976e-06
496,8.002187823730286e-15,0.03607955771229603,2.2316838940709453e-07,1.5197284125318566e-06
497,8.109214031940045e-15,0.009316054345535152,2.722634078483057e-07,1.7331739937136022e-06
498,8.46673839455371e-15,0.0022406727279297035,3.875913070724711e-07,2.122685467797021e-06
499,9.107190411345749e-15,0.006067233744170892,6.56992501101156e-07,2.798308833421102e-06
500,1.0120430206021221e-14,0.004136879794119109,1.340379194241928e-06,3.983362935876022e-06
501,1.1627188617744872e-14,0.007308850050576821,3.267986921330709e-06,6.144065852259441e-06
502,1.381747092070569e-14,0.035339705097433095,9.42650167839206e-06,1.0332233418521338e-05
503,1.702444480275142e-14,0.29644812890693895,3.151062713271411e-05,1.9112350341264536e-05
504,2.1666706893038953e-14,0.0028327918319725007,0.00012120461046855067,3.9009331826715274e-05
505,2.846191411979287e-14,0.005831447341238624,0.0005311252860665818,9.12979933305063e-05
506,3.8686062490094775e-14,0.004000872866682485,0.0026696203633193,0.00024641505948575534
507,5.4444326610338095e-14,0.002180807843716828,0.015637652713227868,0.0008313457395004093
508,7.931904289956723e-14,0.003308373744331543,0.11055044661725867,0.9999744074231787
509,1.197439579045751e-13,0.004552696144601278,0.8668498354242383,6.290368984402617e-08
510,1.8654525123384594e-13,6.101695942038336e-05,0.004686328911983274,2.6815121069680343e-08
511,3.0087431578097194e-13,0.00030507347606504985,0.1159794665351487,1.52670896480027e-08
512,5.032546195979189e-13,0.0003596754593300003,0.6143338268572666,2.581341960233443e-05
513,8.658747645491203e-13,0.00025555223809275567,0.22023243573266627,1.756332372449483e-11
514,1.5335861710867034e-12,0.00020079955875632646,0.04159071533769265,1.4266989807505916e-11
515,2.884508178516956e-12,0.00046841149380590514,0.006946834650306056,3.445585802781551e-08
516,5.579503863543855e-12,0.0007297215914350715,0.0012151078940228458,3.666692766200848e-14
517,1.1198434783844977e-11,0.0010813988130915961,0.0002303951033335481,4.616453361451601e-14
518,2.3398697212782605e-11,0.0010308167039440653,4.6707129916988624e-05,1.777346952380586e-10
519,5.1061464565378305e-11,0.0013577077213279658,1.0400507171020659e-05,2.2718342636101676e-15
520,1.165515592520671e-10,8.321980741201481e-05,2.46289992753029e-06,1.128846508172915e-11
521,2.7932162808241677e-10,2.3426145448389263e-05,6.18544686946942e-07,1.7811156299475452e-16
522,7.048085905083828e-10,8.159057158589912e-05,1.6484217321610207e-07,1.0127381885873466e-12
523,1.8904618274245833e-09,9.783764476354402e-05,4.645034159506474e-08,2.0504975833956473e-17
524,5.401340847720905e-09,8.445522176067825e-05,1.3849138263737682e-08,1.1115845297839595e-13
525,1.6690250107446427e-08,0.00010772250753837208,4.379180495046059e-09,3.926882710969114e-14
526,5.6118699947148094e-08,6.7217854695749205e-06,1.4740303902572648e-09,1.434225330913604e-14
527,2.078734106108026e-07,0.00012464876905900267,5.278664191749391e-10,5.408216569785727e-15
528,8.618424629748038e-07,7.863458062783222e-05,2.0203313891822661e-10,2.1028910800139644e-15
529,4.046405873250943e-06,0.00011978728739867575,8.268597411859086e-11,8.421866264506222e-16
530,2.2462707745286072e-05,2.0463147338225297e-05,3.6362151816146565e-11,3.470386517090333e-16
531,0.00018629078168627675,0.00019021968230577366,1.713329932218406e-11,1.4699789834792978e-16
532,0.006338385961967615,0.00010721552587966042,8.611128258078288e-12,6.394677406898943e-17
533,0.9919609521278915,4.9206148549838815e-05,4.5880466741054225e-12,2.8545925451378614e-17
534,0.002680399674893407,0.0003272957150507898,2.6174428760943255e-12,1.3066453716839252e-17
535,0.004845626869717109,0.00017884635956656432,1.5646652219622043e-12,6.128412307968341e-18
536,0.002876129811680328,0.0006890777338384118,9.689443122186707e-13,2.943245457511957e-18
537,0.0010173379253286036,0.0012093800607750021,6.304320580722722e-13,1.4465101636457307e-18
538,0.00037705546979896216,0.0006300775141579595,4.222099704561601e-13,7.270671325927406e-19
539,0.00016019488560711496,0.0006766654882576731,2.9370004510871183e-13,3.73528519845775e-19
540,7.638803670401667e-05,0.0002618321854740156,2.094309843858323e-13,1.9593210805779479e-19
541,4.0173990449239195e-05,0.0016599896339027467,1.520975994521747e-13,1.0503645366032267e-19
542,2.331145889945912e-05,0.0009518099360286626,1.1549514246925343e-13,5.703737393821724e-20
543,1.4811751283198343e-05,0.00028411451919489896,9.057243400949871e-14,3.187153577918513e-20
544,1.0266834890507846e-05,0.000346324517192577,7.287361950043783e-14,1.8159443835801668e-20
545,7.697372836447541e-06,0.0022098354167974714,6.015976594381277e-14,8.794149866619275e-21
546,6.247942409664768e-06,0.0007318139060229681,5.106628120911415e-14,5.272173035090403e-21
547,5.234460855554421e-06,0.0009093402213667456,4.4487213701002505e-14,3.218773294962157e-21
548,4.742539072242058e-06,0.0006479806114018861,3.982314974503881e-14,1.9987132405306e-21
549,4.784531441941309e-06,0.0003854396074270544,3.651854876961627e-14,1.2618075853463893e-21
550,5.292729380286786e-06,0.00020141514024957393,3.437414472431781e-14,8.099675265561067e-22
551,6.341755511478081e-06,0.0002958273162878952,3.3169778484208555e-14,5.286870256862504e-22
552,8.313257293599519e-06,0.0004769346134021986,3.2758780044795734e-14,3.507550979689178e-22
553,1.2006304223669475e-05,0.004070827825102384,3.322060682769985e-14,2.3651502439769266e-22
554,1.903571397538038e-05,0.018405442232433032,3.45038452993772e-14,1.6195590021658064e-22
555,3.4035300973230525e-05,0.055979450042184783,3.671150249327776e-14,1.1278575024489531e-22
556,6.904876850008137e-05,0.6568755220087619,4.013281901513156e-14,7.975966816747364e-23
557,0.00016001045475099544,0.01203041738142332,4.493623602702428e-14,5.72694193729677e-23
558,0.0004617276864422803,0.023560429302443283,5.161309007246224e-14,4.174581355732958e-23
559,0.06910243369199837,0.05651455641320445,6.120708500661025e-14,3.0849322433496264e-23
560,0.9193015971526403,0.15324770891425846,7.484827532523739e-14,2.316798307084219e-23
561,0.012082384014304802,0.020142945198875783,9.408996680246704e-14,1.7657159694850986e-23
562,0.00029090795031662777,3.822606662366962e-05,1.2099695590619617e-13,1.3655220317924313e-23
563,5.957088017069632e-05,1.3211934238398181e-05,1.593324023346583e-13,1.0714749614616937e-23
564,1.6289711366478885e-05,3.3912236201103466e-05,2.1654844730426398e-13,8.452527553915526e-24
565,4.810295771993214e-06,2.1158431972874832e-05,3.0151064774584495e-13,6.828323400191813e-24
566,1.4286796240334385e-06,2.2047433051337175e-05,4.260375901412711e-13,5.594548324345356e-24
567,4.849360216449075e-07,1.189450750928474e-05,6.225643817449754e-13,4.649864516745575e-24
568,1.8808686280433366e-07,3.843374900624155e-05,9.284850009943262e-13,3.919692811236489e-24
569,7.458403662285844e-08,2.9463890163501933e-05,1.4575788737628624e-12,3.350981673252059e-24
570,3.152879516105171e-08,2.7686424025517046e-05,2.3488329689523754e-12,2.905137390622033e-24
571,1.4033978117694607e-08,9.718645978472527e-06,3.903545426444932e-12,2.348489257956622e-24
572,6.703719521554871e-09,4.4441623486260366e-05,6.693260497771776e-12,2.0948616990264202e-24
573,3.164096101267855e-09,6.177531839047974e-05,1.1934996340025139e-11,1.894690652270536e-24
574,1.6361844656797838e-09,4.49183426283988e-05,2.2013423938884965e-11,1.7374767093082583e-24
575,9.241137971064301e-10,4.576162334095585e-05,4.1078769288962366e-11,1.6154138193054628e-24
576,5.279479185598072e-10,5.794965726639378e-05,8.017932121052235e-11,1.522717673506787e-24
577,3.147901480501226e-10,6.30740002043938e-05,1.637897273009783e-10,1.4551825105068525e-24
578,1.9342505422826204e-10,3.5280195242036115e-05,3.510076366351576e-10,1.409845022250886e-24
579,1.2555051321041148e-10,0.0001225184527756186,7.851614748682395e-10,1.3847495687888806e-24
580,7.913281069287101e-11,0.00016712553096882724,1.8299779302307276e-09,1.3788552027378931e-24
581,5.685693861942156e-11,0.00014215282603710673,4.432813083941487e-09,1.3919021355224138e-24
582,4.233173948392793e-11,0.0002998222769288776,1.1236226827417295e-08,1.4244415423396042e-24
583,3.183147007342302e-11,0.0004029213953779915,2.974943872917375e-08,1.47784248112122e-24
584,2.4946728151397478e-11,0.0004651910981911424,8.300485436913129e-08,1.554405071856964e-24
585,2.0358136852276088e-11,0.0006635706868902588,2.44715615702277e-07,1.6575287275857818e-24
586,1.6735968677993203e-11,0.0005669729564668783,7.669085297949792e-07,1.7926726276426438e-24
587,1.4105673376748908e-11,0.0004228534912923498,2.5606493796340806e-06,1.9656672753261898e-24
588,1.3343187984921675e-11,0.0005333312531996909,9.108402601941065e-06,2.184126241566189e-24
589,1.2833760105035313e-11,0.0002595431583978091,3.4720368049072704e-05,2.4592396299048226e-24
590,1.2563964338205972e-11,0.00042506382384601424,0.00014473283495238271,2.8062675218203183e-24
591,1.2798772016764057e-11,0.00044746620662008724,0.0006629863861647842,3.2460249199132142e-24
592,1.3605578132705216e-11,0.0008890581139039369,0.003540123419930027,3.807833227957951e-24
593,1.421293855115122e-11,0.0005283989717402901,0.1037371293518524,4.528142488291281e-24
594,1.5779911321129298e-11,0.0006818731363340201,0.895738146397188,5.468379246735077e-24
595,1.9643673782496326e-11,0.000167681329973069,0.012383723766290912,6.697745600901571e-24
596,2.4688094204878975e-11,0.0004288038472533805,0.005935788372425619,8.320701288337801e-24
597,3.1311043416484114e-11,0.0003644039947248834,0.0018527532396183785,1.0485495592622774e-23
598,4.1593980230862133e-11,0.0009406219879112693,0.000537626149672375,1.34045983820522e-23
599,5.723972901403715e-11,0.0008869151233779787,0.00015934219179044486,1.7385650202358723e-23
600,7.617371109394156e-11,0.0004994108794475662,5.072660764297341e-05,2.2879510553471154e-23
601,1.1329401145943039e-10,7.483059155304414e-05,1.7114466959296445e-05,3.0553848925036625e-23
602,1.8233615572793633e-10,0.0001565007375950391,6.166204390624467e-06,4.1409173357582883e-23
603,2.936852599559013e-10,0.00021217304049364863,2.3639297413392275e-06,5.696284158879006e-23
604,4.92184235541543e-10,0.00015758343793600523,9.493180090775405e-07,7.954401531384061e-23
605,8.574750901076124e-10,1.330278026016514e-05,4.0317401063777157e-07,1.127713682272574e-22
606,1.5230226282405876e-09,3.2235684073480105e-05,1.8099441997945561e-07,1.6234299413430395e-22
607,2.6856837615602487e-09,5.1142362389268244e-05,8.679239811140592e-08,2.3734289738391206e-22
608,5.5301436548142425e-09,3.5013790916635047e-05,4.319379469320288e-08,3.5244650454416476e-22
609,1.1637548537981541e-08,3.939877224586242e-06,2.2301360885755377e-08,5.316966684895634e-22
610,2.4889907700785314e-08,2.835010810996783e-05,1.2137880852551826e-08,8.150287682870898e-22
611,5.5687548589087225e-08,1.0474457443186762e-05,6.883071572188883e-09,1.270844321758496e-21
612,1.3160534928207467e-07,2.6793371682877763e-05,4.048655124185156e-09,2.0115350371727946e-21
613,3.186433013016763e-07,2.7778580600544653e-05,2.5073889350133365e-09,3.231955937046337e-21
614,7.813112258350685e-07,2.4901819248171114e-05,1.6306127141932675e-09,5.277734261609793e-21
615,2.2760513885211056e-06,3.542985186524215e-05,1.0691544396100099e-09,8.764605800892967e-21
616,6.9154652448555615e-06,1.4142584796741737e-05,7.46012255965604e-10,1.480887581054633e-20
617,2.1682833499403414e-05,3.7092165362566545e-05,5.364526153017506e-10,2.552883619853963e-20
618,7.301918706328317e-05,1.042199259321712e-05,4.0132083869767137e-10,4.4790300694990654e-20
619,0.00026824337114246717,2.400975626188075e-06,3.121121057208826e-10,7.999944815064678e-20
620,0.0010388252823055832,1.0365599538868719e-05,2.540991132777423e-10,1.4549655974769652e-19
621,0.00466754015045308,2.7851486785919253e-05,2.1555232500867866e-10,2.6952894925781976e-19
622,0.030830944337869128,1.0264058912248913e-05,1.8689300040908118e-10,5.087127980269735e-19
623,0.023958613012862853,1.9121916397925214e-05,1.5440441183380535e-10,9.785850023621875e-19
624,0.8978694241807235,9.536872250865845e-05,1.4094608099379012e-10,1.919238277752664e-18
625,0.07244130588066905,5.247433620630342e-05,1.3924595028655487e-10,3.841413898492683e-18
626,0.020443448808133285,7.94002499983986e-06,1.463522563440812e-10,7.847774431528334e-18
627,0.005784633506250791,2.582238593870428e-05,1.648491624078843e-10,1.6437599019982625e-17
628,0.001286277136198249,2.5109982110860234e-05,1.9639613056388423e-10,3.515274779163652e-17
629,0.00030108489935356327,4.339450948845813e-06,2.604990372769179e-10,7.679938075751786e-17
630,8.49483112448849e-05,0.00010874574390423456,3.6221727164770517e-10,1.7159418304991987e-16
631,2.3820933196403736e-05,8.100705382137637e-05,5.708314301670585e-10,3.9338566779029525e-16
632,6.925835260367433e-06,1.9180592485179244e-05,9.842461054664824e-10,9.241215846907182e-16
633,2.1399800979070664e-06,5.094173080449813e-05,1.8543887647205087e-09,2.2262159433324917e-15
634,7.083720317433284e-07,4.6517158864603386e-05,3.760159170848579e-09,5.504116804343464e-15
635,2.4944968870115564e-07,3.407067691021258e-05,8.193919088121783e-09,1.3979373402693436e-14
636,9.284065065276622e-08,4.4916077678396574e-05,1.9198864175725126e-08,3.6508652796559124e-14
637,3.6316278437009254e-08,5.4761936133261715e-05,4.8449171444888515e-08,9.815120905139167e-14
638,1.499811819311105e-08,1.1115195619238267e-05,1.2836829207096747e-07,2.719786514056002e-13
639,6.5196908914712e-09,3.455001685246963e-05,3.614616194486793e-07,7.779623390614756e-13
640,2.9512193152271082e-09,2.7935723038653438e-05,1.0627347066321607e-06,2.301298239069543e-12
641,1.410123892666416e-09,2.2241873691165936e-05,3.3703132974536306e-06,7.057992107501923e-12
642,7.259820864592e-10,1.42590152221914e-05,1.1409691442536533e-05,2.253040870298184e-11
643,3.804704426002493e-10,4.190317848392968e-05,4.1682904545044774e-05,7.535969621837759e-11
644,2.0335583426595704e-10,0.004422449864286612,0.00016358252760631682,2.674302109909863e-10
645,1.125973664978184e-10,0.002540053826128007,0.0006988477501396768,1.0311673294172758e-09
646,6.503951935105464e-11,0.0012458535230171857,0.0032840857216117477,4.505920297785518e-09
647,3.9042773499029966e-11,0.0013699571624821681,0.0177726198609179,2.3679997519290482e-08
648,2.428134300574257e-11,0.005515094222567713,0.11658138863118596,1.5745771481516884e-07
649,1.5753161798096528e-11,0.00478757582312251,0.8614896147968524,1.3317745109331876e-06
650,1.0674068054344446e-11,0.6026202481036241,0.9499876223892015,1.3834671096948527e-05
651,7.519524915939878e-12,0.31358311468973415,0.04690037630977129,0.0001703561367540717
652,5.538711791264174e-12,0.053216092911059235,0.0029595518826275396,0.002454378586816435
653,4.333290747858672e-12,0.008866887118657525,0.00022096694069346316,0.04147613132777441
654,3.494292320990478e-12,0.002177761920748303,1.9082504167027958e-05,0.4845219887465788
655,2.8829433908537337e-12,0.0015647155450168944,1.942393124719921e-06,0.46391588599563904
656,2.473753822255283e-12,0.00020607270099404093,2.519130719053188e-07,0.008279716533314118
657,2.2120394376248086e-12,0.00016241907413586088,4.641841451766493e-08,0.0002201025462637707
658,2.0551339017184837e-12,0.00017190481129938863,1.2319686843624147e-08,9.469942969902335e-05
659,1.9910243021141583e-12,0.00018075375885688957,4.205745498338378e-09,4.1903842699131676e-05
660,2.001970190684712e-12,0.00023570507566107745,1.6526890547983657e-09,1.9725119322694037e-05
661,2.0963356575517452e-12,0.0016222467811661122,7.062596719823041e-10,1.008067139555652e-05
662,2.292893489172562e-12,0.002636652729380682,3.2065837370777297e-10,5.576294522093452e-06
663,2.623921871935778e-12,0.18790131084220954,1.531766522576843e-10,3.319702887895529e-06
664,3.1620016641085777e-12,0.0431365599318418,7.661445896946671e-11,2.126179662255387e-06
665,4.133816586776532e-12,0.016503028243094967,4.000287443449511e-11,1.4687898599735826e-06
666,5.89698214014687e-12,0.004811837382978813,2.1755425640490175e-11,1.0881717123686888e-06
667,9.229965797727575e-12,0.004278547258477253,1.2301386224162735e-11,8.624969334336943e-07
668,1.631825549296123e-11,0.0054459121768417875,7.220696408685343e-12,7.301328835355804e-07
669,3.361988224205155e-11,0.013158388440460763,4.393960697196555e-12,6.577427693326285e-07
670,8.053748974279654e-11,0.006651240920555907,2.7686941779481306e-12,6.239813207999074e-07
671,2.172793854760336e-10,0.0024164199772607644,1.804622107234661e-12,6.402866971822412e-07
672,6.450917850411563e-10,0.0010489711851223251,1.2156111836743206e-12,6.940544152905243e-07
673,2.0588152247662035e-09,0.0007182110452783603,8.455683192115908e-13,8.006167580775663e-07
674,7.076086546633009e-09,0.00029490825450216183,6.069329225001236e-13,9.852137039194271e-07
675,2.5711528845898516e-08,0.0002087362934972906,4.4925877208288375e-13,1.2978639458477142e-06
676,1.0027001646987716e-07,0.000319102009353794,3.427498218520171e-13,1.8506665233902862e-06
677,4.1382808683631775e-07,0.00014511443726145063,2.6937469369635415e-13,2.836051571235115e-06
678,1.7871285579113265e-06,0.0002041463465769704,2.1799727051163179e-13,4.712807954206502e-06
679,8.221165843512707e-06,0.00024412885366284845,1.8159625256407124e-13,8.734873573221725e-06
680,4.0838244753642644e-05,3.4676909565858495e-05,1.5566629981886253e-13,1.8959523572260633e-05
681,0.00021839518050370709,0.00030753503875968096,1.3727975319224516e-13,5.653480843020555e-05
682,0.0012918894618632803,0.012681772677923522,1.2452580178049718e-13,0.0003646902962473665
683,0.008774384235195713,0.14494520944927053,1.1616624622731811e-13,0.005150683585944984
684,0.07258788672761868,0.02847331074409446,1.1148095687762977e-13,0.12900214402821525
685,0.9170782148328841,0.004555957295321053,1.0998835176325124e-13,0.7816606439649203
686,0.0005120321556317499,0.812532010551287,1.1156030445860347e-13,0.07494126866608505
687,0.9744039325530838,0.04261088664436269,1.163499520102755e-13,0.008663015618717922
688,0.024928589424876035,0.0047107101052626735,1.2477958086401688e-13,0.001203457107825171
689,0.000756113646375794,0.0016158945196848352,1.3762166595695078e-13,0.00019678872206684803
690,5.5766590823252296e-05,0.0011906525005577124,1.5612123312152903e-13,3.771891897344119e-05
691,2.0133323246822404e-05,0.00014307978073037643,1.822025925928684e-13,8.592123375806569e-06
692,1.3667019569620922e-05,0.02337774367326815,2.1881182145792593e-13,2.391312683611419e-06
693,8.919614507824138e-06,0.007236279278379004,2.7048226328938907e-13,8.318015135165435e-07
694,7.030386147226976e-06,0.002543384288423208,3.442800112239905e-13,3.591204812375138e-07
695,5.559149567802105e-06,0.0011167796308927276,4.5140517386096753e-13,1.8536854667489716e-07
696,4.747928142574515e-06,0.000661053670494622,6.099676709172432e-13,1.0940241764608352e-07
697,4.1332171489362116e-06,0.0006518281265511193,8.498947122772329e-13,7.13634465855754e-08
698,3.5368587423496323e-06,0.004275958320950183,1.2218224260645355e-12,5.039830793740683e-08
699,3.132665189416103e-06,0.0516006860985543,1.813575641462686e-12,3.8100176074231096e-08
700,2.751073505105193e-06,0.9439904345582204,2.7815629293207902e-12,3.0648187970214885e-08
701,2.642849051357541e-06,0.001037903927903496,4.41217022066816e-12,2.6150877033872862e-08
702,2.794917139161654e-06,2.0632919323756595e-05,7.2453817243748095e-12,2.363026587199609e-08
703,2.9150571056389534e-06,2.8165343902765784e-05,1.2331305507955473e-11,2.259589052153054e-08
704,3.0277890697437e-06,0.00011114465117951433,2.177984744601003e-11,2.2860696794829937e-08
705,3.2720603586113235e-06,0.02784017093273507,3.997935700033766e-11,2.4476528158014668e-08
706,3.7240567535164163e-06,0.9544900180401674,7.63977125824202e-11,2.7750476541800174e-08
707,4.387281046698761e-06,0.021769464625405417,1.5227445682080131e-10,3.334811018344742e-08
708,5.553268140652938e-06,0.0008290735350668986,3.172811260026727e-10,4.253419173145535e-08
709,6.799311128025791e-06,0.00015119108937340772,6.928896654256229e-10,5.768365084410545e-08
710,8.077128564377025e-06,6.627755918526941e-05,1.5908155246271218e-09,8.3372182317416e-08
711,1.0269335953684908e-05,3.7384558711834576e-05,3.853879243013701e-09,1.2880413297038497e-07
712,1.406620681100827e-05,2.5179802784449062e-05,9.895103957006754e-09,2.135083112180588e-07
713,1.856914553733314e-05,2.0089136802619285e-05,2.707376201008434e-08,3.8157143014292076e-07
714,2.3200407518717076e-05,1.8904796435520765e-05,7.947889028189534e-08,7.398328492200586e-07
715,2.5920335641718238e-05,2.0909176388445546e-05,2.5256152288480744e-07,1.5692531194584564e-06
716,3.203504429902569e-05,2.716174922342438e-05,8.79090305027997e-07,3.6827750771939704e-06
717,3.891227249607673e-05,4.10176907767314e-05,3.4078027578568526e-06,9.718444139927219e-06
718,5.361130372022163e-05,7.276781270184106e-05,1.5085411587333274e-05,2.9555136957661253e-05
719,0.00012234699394310988,0.00016545756802734186,7.96174662672775e-05,0.00010810061666734063
